time,R,G,B
0,218.407,21.11,68.43
9,218.53,21.101,68.514
47,218.515,21.201,68.539
75,218.511,21.195,68.517
126,218.523,21.296,68.347
149,218.473,21.201,68.246
180,218.589,21.234,68.199
204,218.609,21.228,68.283
253,218.762,21.197,68.308
267,218.791,21.19,68.361
320,218.726,21.168,68.345
348,218.965,21.25,68.466
383,219.33,21.508,68.692
414,219.548,21.721,68.876
453,219.381,21.604,68.948
477,219.61,21.768,69.076
520,219.845,21.932,69.178
546,219.322,21.6,68.92
581,218.851,21.233,68.695
605,218.659,21.125,68.536
656,218.757,21.275,68.335
664,218.747,21.23,68.335
733,218.588,21.215,68.332
737,218.694,21.462,68.373
786,219.072,21.666,68.748
812,219.15,21.732,68.819
836,219.164,21.735,68.751
886,219.34,21.829,68.898
920,219.537,22.102,68.848
940,219.739,22.227,69.019
1027,220.039,22.358,69.264
1029,220.191,22.506,69.413
1033,220.242,22.518,69.448
1081,220.469,22.62,69.648
1112,220.825,22.925,69.853
1135,220.87,23.081,69.853
1184,221.07,23.266,69.956
1212,220.987,23.22,69.832
1236,220.894,23.172,69.838
1294,220.747,23.041,69.762
1299,220.255,22.619,69.486
1349,219.794,22.122,69.197
1379,219.694,21.936,69.115
1402,219.685,21.857,69.067
1450,219.641,21.794,68.948
1484,219.699,21.837,68.985
1507,219.64,21.846,69.074
1551,219.614,21.91,69.009
1583,219.747,21.991,69.003
1611,219.511,21.795,68.888
1641,219.341,21.778,68.648
1692,219.261,21.726,68.604
1732,219.105,21.499,68.51
1752,219.09,21.507,68.477
1788,218.949,21.485,68.492
1815,218.947,21.497,68.48
1841,218.846,21.475,68.434
1888,218.973,21.633,68.602
1920,219.227,21.916,68.578
1954,219.491,22.281,68.828
2011,219.616,22.496,68.993
2044,219.539,22.547,68.936
2055,219.345,22.468,68.821
2092,219.358,22.491,68.813
2136,219.379,22.434,68.821
2149,219.264,22.289,68.673
2192,219.074,22.032,68.533
2241,218.625,21.642,68.344
2244,218.089,21.219,67.956
2293,217.921,20.99,67.847
2325,217.923,20.98,67.79
2363,217.569,20.656,67.634
2401,217.551,20.596,67.566
2456,217.725,20.664,67.575
2486,217.783,20.624,67.656
2526,217.799,20.627,67.573
2553,217.807,20.601,67.601
2593,218.085,20.706,67.738
2619,218.229,20.796,67.836
2643,218.647,21.038,68.219
2671,218.784,21.168,68.342
2700,218.812,21.294,68.251
2739,218.983,21.416,68.354
2771,219.11,21.434,68.454
2821,219.321,21.632,68.566
2847,219.715,21.954,68.815
2892,219.897,22.156,68.963
2918,220.084,22.383,69.098
2959,219.954,22.352,68.973
2993,219.274,21.816,68.711
3023,219.031,21.535,68.617
3066,218.98,21.464,68.396
3096,219.038,21.452,68.407
3103,219.172,21.574,68.454
3144,219.289,21.623,68.546
3189,219.445,21.683,68.812
3237,219.573,21.782,68.858
3266,219.844,21.964,68.906
3281,219.916,22.042,68.991
3331,219.99,22.114,69.043
3336,220.111,22.185,69.119
3368,220.24,22.354,69.19
3407,220.279,22.445,69.228
3433,220.193,22.488,69.307
3476,220.266,22.529,69.294
3503,220.259,22.491,69.32
3545,220.356,22.556,69.45
3572,220.605,22.792,69.532
3607,220.597,22.837,69.537
3638,220.444,22.709,69.382
3677,220.572,22.785,69.499
3708,220.634,22.786,69.576
3745,220.732,22.887,69.664
3779,220.837,22.937,69.81
3810,220.523,22.724,69.621
3842,219.91,22.182,69.151
3882,219.524,21.785,68.949
3909,219.39,21.627,68.765
3938,219.363,21.6,68.737
3975,219.364,21.698,68.606
4012,219.353,21.592,68.622
4051,219.468,21.636,68.726
4079,219.538,21.617,68.771
4110,219.556,21.557,68.724
4137,219.648,21.609,68.808
4177,219.75,21.678,69.022
4209,219.652,21.672,68.938
4248,219.693,21.741,68.915
4291,219.67,21.734,68.872
4327,219.838,21.748,68.965
4354,220.0,21.878,69.037
4394,220.137,22.114,69.101
4421,220.39,22.309,69.222
4460,220.814,22.532,69.62
4488,221.158,22.863,69.869
4530,221.595,23.265,70.155
4558,222.108,23.696,70.488
4562,222.893,24.375,71.079
4624,223.873,25.395,71.866
4626,224.865,26.545,72.306
4688,225.72,27.509,72.943
4692,226.668,28.51,73.9
4756,227.212,29.309,74.55
4796,227.523,29.546,74.82
4823,228.222,30.196,75.449
4863,228.58,30.667,75.983
4894,229.296,31.601,76.569
4898,230.009,32.687,77.013
4964,230.395,33.379,77.35
5023,230.822,34.298,77.92
5030,230.871,34.509,78.084
5094,230.831,34.467,78.004
5157,231.062,34.601,78.213
5222,231.385,35.208,78.442
5227,231.561,35.663,78.549
5297,231.686,35.946,78.727
5324,231.898,36.246,78.806
5330,231.779,36.241,78.64
5390,231.371,35.777,78.342
5394,231.159,35.344,78.083
5463,231.214,35.371,78.037
5473,231.318,35.545,78.162
5508,231.181,35.403,78.16
5551,230.744,34.67,77.893
5584,230.395,33.826,77.601
5613,230.334,33.415,77.5
5647,230.593,33.583,77.863
5677,230.889,34.034,78.157
5717,231.201,34.561,78.38
5755,231.385,34.964,78.535
5826,231.425,35.405,78.479
5830,231.378,35.354,78.47
5912,231.241,35.144,78.322
5913,231.183,34.999,78.226
5959,231.278,35.136,78.228
5993,231.423,35.325,78.526
5997,231.633,35.732,78.707
6064,231.864,36.17,78.739
6072,232.051,36.552,78.915
6120,232.375,37.169,79.048
6152,232.608,37.622,79.265
6184,232.859,38.125,79.372
6217,233.004,38.514,79.499
6249,233.13,38.791,79.574
6282,233.247,39.106,79.641
6316,233.179,39.101,79.636
6350,233.197,39.207,79.642
6386,233.38,39.559,79.648
6421,233.383,39.684,79.686
6452,232.729,38.924,79.324
6477,231.731,37.097,78.563
6516,230.702,35.035,77.812
6546,230.22,33.819,77.333
6583,229.99,33.273,77.259
6611,229.922,33.068,77.07
6649,229.954,32.995,77.021
6681,229.978,33.046,77.06
6718,230.172,33.337,77.075
6750,230.196,33.386,77.12
6788,230.099,33.327,76.983
6821,229.998,33.187,76.89
6859,229.992,33.181,76.825
6888,230.037,33.259,76.91
6916,230.075,33.22,76.873
6922,230.139,33.346,76.945
6987,230.152,33.545,76.997
7000,230.264,33.714,77.085
7039,230.207,33.752,77.021
7069,230.227,33.8,77.02
7128,230.248,33.876,77.061
7164,230.277,33.995,77.045
7175,230.511,34.195,77.257
7222,230.576,34.343,77.332
7262,230.588,34.561,77.36
7287,230.713,34.792,77.458
7325,230.769,34.92,77.469
7335,230.198,34.079,77.143
7382,229.428,32.6,76.525
7425,229.045,31.584,76.217
7456,229.196,31.431,76.296
7464,229.326,31.557,76.412
7491,229.554,31.894,76.27
7565,229.771,32.431,76.664
7603,229.873,32.634,76.788
7631,229.908,32.701,76.803
7672,229.872,32.656,76.732
7704,230.012,32.756,76.903
7739,230.122,32.931,76.994
7769,230.17,33.022,77.083
7805,230.331,33.284,77.217
7839,230.534,33.606,77.372
7872,230.701,33.903,77.507
7906,230.982,34.436,77.689
7945,231.152,34.786,77.815
7987,231.329,35.102,77.984
7996,231.566,35.546,78.223
8093,231.911,36.27,78.396
8097,231.98,36.448,78.522
8154,232.161,36.763,78.657
8187,232.541,37.38,78.888
8225,232.514,37.527,78.888
8255,231.615,36.291,78.272
8262,230.742,34.507,77.564
8295,230.099,33.134,77.115
8338,229.911,32.529,76.917
8369,230.004,32.334,76.981
8407,229.999,32.326,77.042
8434,229.96,32.382,76.938
8473,230.082,32.534,77.012
8504,230.185,32.728,77.143
8542,230.176,32.791,77.178
8581,230.12,32.752,77.137
8621,230.098,32.677,77.182
8654,230.196,32.818,77.242
8689,230.257,32.925,77.235
8714,230.335,33.065,77.208
8751,230.479,33.32,77.214
8775,230.463,33.511,77.332
8803,230.586,33.728,77.336
8839,230.693,33.95,77.525
8870,230.793,34.172,77.564
8909,230.696,34.122,77.503
8942,230.808,34.32,77.597
8972,231.106,34.762,77.703
9004,231.095,34.904,77.657
9043,231.044,34.914,77.671
9074,231.115,35.064,77.769
9110,231.308,35.385,77.736
9149,231.365,35.584,77.767
9192,231.025,35.245,77.678
9221,230.244,34.059,77.119
9224,229.218,32.253,76.36
9286,228.794,31.14,75.904
9350,228.742,30.734,75.767
9393,228.68,30.741,75.649
9432,229.067,31.148,75.83
9489,229.159,31.393,76.008
9526,229.107,31.348,76.009
9531,229.128,31.354,76.062
9575,229.243,31.496,76.088
9621,229.392,31.733,76.192
9651,229.511,31.908,76.229
9653,229.52,31.998,76.276
9723,229.612,32.254,76.323
9726,229.779,32.484,76.522
9785,229.843,32.642,76.601
9788,229.944,32.846,76.618
9852,230.01,32.977,76.68
9857,230.157,33.235,76.755
9919,230.226,33.432,76.927
9920,230.413,33.736,77.105
9989,230.652,34.107,77.307
9990,230.621,34.253,77.354
10057,229.996,33.345,76.997
10124,228.915,31.03,76.217
10203,229.394,31.375,76.332
10238,229.516,31.627,76.484
10242,229.606,31.918,76.5
10277,229.84,32.31,76.714
10310,230.206,32.728,76.849
10345,230.252,32.892,76.89
10375,230.154,32.72,77.075
10409,230.311,32.932,77.205
10440,230.501,33.255,77.345
10480,230.707,33.59,77.571
10508,230.944,33.974,77.697
10546,231.107,34.314,77.832
10584,231.173,34.599,77.92
10667,231.665,35.364,78.239
10673,231.778,35.664,78.377
10714,231.878,36.027,78.433
10748,232.013,36.282,78.598
10777,232.126,36.542,78.587
10810,232.217,36.77,78.689
10845,232.463,37.061,78.715
10877,232.511,37.217,78.782
10914,232.339,37.169,78.66
10942,231.594,36.113,78.14
10977,230.569,34.16,77.334
11006,229.976,32.73,76.782
11046,229.719,32.032,76.868
11076,229.806,32.01,76.907
11114,229.914,32.142,76.842
11146,229.964,32.225,76.869
11150,230.102,32.485,76.945
11216,230.078,32.546,76.89
11222,230.056,32.49,76.83
11261,230.033,32.474,76.877
11285,229.875,32.308,76.638
11324,229.972,32.38,76.702
11354,230.156,32.769,76.967
11406,230.268,32.952,77.101
11439,230.399,33.188,77.138
11486,230.471,33.404,77.202
11524,230.544,33.603,77.273
11526,230.676,33.881,77.353
11572,230.741,34.137,77.241
11615,230.883,34.373,77.399
11685,231.062,34.825,77.544
11689,231.026,34.83,77.508
11732,231.061,34.973,77.554
11767,231.085,35.119,77.499
11803,231.032,35.117,77.529
11831,230.468,34.458,77.19
11863,229.532,32.795,76.45
11894,228.841,31.28,75.848
11931,228.618,30.657,75.665
11959,228.729,30.633,75.649
12002,228.838,30.792,75.613
12028,229.056,31.073,75.777
12070,229.219,31.362,75.917
12111,229.263,31.544,75.959
12146,229.347,31.727,76.063
12191,229.399,31.715,76.151
12229,229.368,31.652,76.121
12246,229.365,31.712,76.104
12314,229.517,31.905,76.269
12351,229.913,32.601,76.461
12396,230.032,32.775,76.685
12411,230.153,33.045,76.746
12450,230.421,33.428,76.893
12464,230.566,33.73,77.023
12515,230.484,33.731,77.146
12560,230.637,33.967,77.275
12567,230.887,34.365,77.372
12618,231.146,34.892,77.614
12677,230.733,34.492,77.412
12681,229.839,32.962,76.705
12742,229.17,31.545,76.126
12781,228.984,30.976,75.997
12808,229.022,30.905,75.965
12849,229.119,30.973,75.981
12876,229.194,31.157,76.018
12880,229.493,31.586,76.152
12948,229.627,31.868,76.317
12951,229.526,31.832,76.34
13011,229.548,31.896,76.397
13015,229.633,32.047,76.354
13078,229.699,32.119,76.438
13081,229.985,32.374,76.686
13149,230.079,32.614,76.79
13152,230.197,32.867,76.769
13217,230.328,33.131,76.907
13220,230.46,33.409,77.103
13279,230.536,33.653,77.087
13299,230.688,33.907,77.175
13334,230.755,34.074,77.202
13360,230.699,34.162,77.264
13402,230.823,34.363,77.308
13434,230.986,34.578,77.615
13468,231.034,34.778,77.64
13499,231.092,34.99,77.607
13533,231.16,35.196,77.574
13566,230.671,34.655,77.353
13602,229.705,32.999,76.599
13634,229.071,31.54,76.009
13672,228.815,30.843,75.765
13703,228.903,30.741,75.809
13735,228.927,30.775,75.737
13767,228.788,30.7,75.736
13803,228.877,30.808,75.846
13836,229.046,31.012,75.855
13860,229.11,31.201,75.904
13900,229.003,31.132,75.898
13928,228.98,31.103,75.808
13969,228.996,31.177,75.832
13999,229.017,31.253,75.813
14033,229.128,31.317,75.866
14061,229.25,31.543,75.92
14102,229.289,31.821,75.97
14132,229.366,32.014,76.041
14173,229.608,32.273,76.247
14203,229.667,32.485,76.187
14239,229.78,32.685,76.204
14276,229.827,32.846,76.219
14302,229.89,32.965,76.362
14340,229.99,33.127,76.445
14365,230.1,33.353,76.542
14401,230.213,33.585,76.636
14433,230.431,34.021,76.733
14471,230.523,34.225,76.861
14505,230.048,33.656,76.515
14538,229.114,32.118,75.871
14567,228.436,30.737,75.398
14603,228.277,30.161,75.17
14633,228.35,30.212,75.203
14672,228.547,30.482,75.331
14705,228.791,30.759,75.487
14736,228.987,31.102,75.641
14766,229.103,31.31,75.743
14807,229.029,31.294,75.762
14847,228.722,30.937,75.56
14851,228.778,30.885,75.615
14912,228.935,31.071,75.604
14913,229.094,31.311,75.686
14981,229.622,32.104,76.118
15050,229.635,32.342,76.201
15123,230.178,33.109,76.503
15185,230.236,33.447,76.807
15187,230.459,33.814,76.985
15224,230.785,34.339,77.104
15259,230.912,34.644,77.236
15289,231.008,34.962,77.373
15326,231.09,35.201,77.484
15359,230.819,34.957,77.323
15391,229.951,33.604,76.639
15449,228.948,31.748,75.923
15453,228.502,30.678,75.469
15516,228.457,30.391,75.239
15519,228.506,30.353,75.232
15587,228.376,30.258,75.314
15593,228.389,30.258,75.294
15622,228.575,30.492,75.317
15649,228.678,30.724,75.427
15692,228.608,30.711,75.288
15721,228.537,30.623,75.262
15760,228.569,30.743,75.185
15788,228.595,30.791,75.276
15824,228.562,30.76,75.197
15857,228.672,30.921,75.305
15894,228.828,31.237,75.378
15919,228.936,31.457,75.438
15960,229.028,31.609,75.579
15992,229.09,31.767,75.567
16027,229.143,31.905,75.575
16058,229.213,32.059,75.632
16091,229.107,32.03,75.654
16123,229.182,32.145,75.668
16158,229.315,32.373,75.671
16190,229.388,32.571,75.718
16224,229.519,32.811,75.817
16259,229.216,32.566,75.571
16289,228.226,31.194,74.907
16321,227.421,29.701,74.284
16361,226.897,28.686,73.916
16391,226.94,28.546,73.943
16427,227.335,28.943,74.111
16462,227.457,29.16,74.195
16493,227.5,29.366,74.322
16522,227.695,29.631,74.453
16558,227.828,29.857,74.607
16586,227.846,29.937,74.566
16625,228.061,30.165,74.616
16654,228.196,30.306,74.7
16690,228.272,30.327,74.894
16718,228.491,30.643,75.081
16762,228.526,30.861,75.12
16792,228.63,31.047,75.253
16829,228.865,31.393,75.308
16859,228.972,31.584,75.399
16893,229.202,31.943,75.515
16921,229.502,32.438,75.764
16965,229.634,32.694,76.001
16992,229.923,33.144,76.274
17023,230.402,33.871,76.452
17061,230.506,34.213,76.613
17095,230.077,33.889,76.436
17128,229.12,32.44,75.758
17162,228.407,30.879,75.142
17200,228.269,30.225,74.968
17235,228.297,30.183,74.954
17269,228.603,30.534,75.179
17312,228.855,30.936,75.421
17346,228.998,31.209,75.519
17357,229.164,31.564,75.668
17419,229.366,31.896,75.869
17460,229.557,32.18,76.072
17501,229.723,32.388,76.148
17536,229.836,32.637,76.267
17580,229.825,32.695,76.47
17611,230.024,33.045,76.608
17678,230.473,33.845,76.891
17743,230.727,34.303,77.044
17777,230.711,34.502,76.89
17808,230.799,34.715,76.994
17869,230.904,34.904,77.305
17913,230.988,35.103,77.243
17942,231.075,35.273,77.313
18005,229.787,33.494,76.353
18009,228.839,31.639,75.68
18073,228.348,30.561,75.156
18077,228.268,30.312,74.994
18134,228.234,30.22,74.951
18176,228.193,30.075,74.859
18203,228.284,30.205,74.917
18245,228.255,30.321,75.009
18273,228.3,30.46,74.962
18279,228.212,30.424,74.901
18346,228.165,30.395,74.867
18350,228.209,30.29,74.968
18458,228.209,30.308,74.949
18472,228.387,30.695,75.082
18512,228.736,31.123,75.124
18529,228.786,31.283,75.138
18601,228.713,31.325,75.126
18639,228.906,31.653,75.321
18688,228.927,31.792,75.306
18696,229.006,31.797,75.318
18737,229.117,31.972,75.372
18770,229.043,31.996,75.561
18774,229.201,32.226,75.654
18841,229.461,32.669,75.624
18913,227.652,29.969,74.453
18940,227.234,29.009,74.041
18944,227.202,28.776,73.975
19002,227.292,28.821,74.051
19006,227.364,28.986,74.127
19071,227.535,29.184,74.223
19074,227.828,29.594,74.266
19142,227.979,29.914,74.432
19145,227.921,29.903,74.553
19211,227.931,29.94,74.561
19215,227.794,29.734,74.356
19283,227.93,29.895,74.461
19286,228.188,30.193,74.583
19329,228.376,30.507,74.759
19362,228.48,30.762,74.965
19403,228.658,31.029,75.168
19437,228.946,31.482,75.253
19469,229.03,31.694,75.307
19509,229.092,31.87,75.521
19608,229.462,32.485,75.743
19651,229.265,32.404,75.696
19675,228.602,31.462,75.038
19742,227.791,29.937,74.453
19784,227.074,28.533,73.971
19817,227.439,28.927,74.117
19850,227.49,29.052,74.151
19882,227.709,29.259,74.329
19918,227.868,29.534,74.461
19948,228.059,29.936,74.465
19984,228.115,30.059,74.523
20015,228.056,30.051,74.521
20052,228.066,30.064,74.514
20093,228.077,30.066,74.633
20126,228.243,30.295,74.792
20167,228.6,30.752,74.992
20196,228.659,30.972,75.01
20234,228.698,31.199,75.019
20272,228.833,31.423,75.177
20274,228.911,31.536,75.147
20323,229.008,31.721,75.136
20366,229.159,32.002,75.346
20396,229.184,32.12,75.388
20434,229.02,31.975,75.261
20466,229.144,32.136,75.313
20474,229.358,32.446,75.526
20523,229.042,32.219,75.327
20566,228.008,30.885,74.558
20593,227.126,29.298,73.882
20634,226.878,28.477,73.632
20660,226.784,28.193,73.51
20700,226.903,28.284,73.512
20727,226.973,28.388,73.514
20770,226.951,28.512,73.549
20798,227.085,28.696,73.656
20803,227.137,28.83,73.632
20864,226.982,28.672,73.484
20903,226.937,28.561,73.432
20933,226.972,28.512,73.525
20937,227.002,28.601,73.544
20998,227.211,28.855,73.762
21036,227.599,29.413,74.006
21064,227.732,29.699,74.086
21072,227.769,29.703,74.196
21136,227.941,29.996,74.267
21139,227.93,30.04,74.304
21192,228.056,30.223,74.354
21239,228.269,30.591,74.475
21270,228.404,30.805,74.588
21275,228.558,31.053,74.764
21331,228.735,31.351,74.917
21336,228.73,31.415,74.986
21398,228.155,30.688,74.626
21402,227.314,29.42,73.961
21461,226.807,28.396,73.609
21505,226.757,28.131,73.521
21530,226.564,27.931,73.38
21569,226.516,27.792,73.215
21597,226.579,27.771,73.201
21605,226.989,28.226,73.542
21670,227.164,28.543,73.758
21674,226.988,28.451,73.564
21737,227.056,28.511,73.663
21741,227.054,28.515,73.698
21800,226.948,28.407,73.566
21803,226.97,28.415,73.684
21868,227.14,28.67,73.751
21874,227.389,28.955,73.826
21939,227.576,29.209,74.02
21945,227.56,29.403,74.065
22001,227.823,29.775,74.301
22004,228.239,30.284,74.612
22065,228.4,30.61,74.732
22067,228.482,30.787,74.715
22133,228.664,31.108,74.863
22137,228.624,31.272,74.927
22196,228.742,31.488,75.014
22201,228.391,31.148,74.828
22268,227.365,29.703,74.08
22275,226.64,28.361,73.479
22338,226.415,27.766,73.232
22340,226.392,27.614,73.313
22400,226.486,27.716,73.418
22405,226.827,28.011,73.452
22478,226.926,28.209,73.505
22509,227.248,28.618,73.806
22555,227.366,28.816,73.932
22559,227.129,28.732,73.693
22593,227.152,28.74,73.657
22626,227.3,28.833,73.912
22661,227.431,29.015,73.956
22698,227.552,29.242,74.085
22748,227.694,29.493,74.216
22785,227.793,29.678,74.246
22788,227.965,29.956,74.366
22824,228.174,30.303,74.416
22853,228.273,30.509,74.537
22890,228.269,30.604,74.657
22918,228.413,30.871,74.695
22959,228.642,31.178,74.774
22991,228.753,31.385,74.865
23028,228.879,31.535,74.99
23067,228.386,31.267,74.824
23167,226.767,28.592,73.508
23223,226.481,27.973,73.179
23267,226.7,28.0,73.327
23283,226.774,28.093,73.356
23287,226.628,28.029,73.322
23335,226.784,28.237,73.42
23404,226.972,28.628,73.445
23408,226.835,28.456,73.424
23477,226.781,28.359,73.324
23481,226.825,28.406,73.351
23537,226.918,28.551,73.366
23547,226.964,28.663,73.414
23606,227.232,28.982,73.608
23639,227.949,29.647,74.124
23681,228.498,30.361,74.573
23694,229.067,31.198,75.166
23744,230.323,32.747,76.288
23793,231.614,34.376,77.331
23828,233.342,36.933,78.885
23840,235.091,39.917,80.684
23879,236.745,43.274,82.279
23910,238.761,47.994,84.372
23918,241.071,53.861,86.541
23944,241.841,57.236,87.807
23998,242.597,59.989,88.865
24042,244.859,68.49,92.213
24064,245.624,72.357,93.765
24116,246.163,75.32,94.86
24147,246.335,76.847,95.353
24209,246.772,78.985,96.213
24213,246.893,80.653,96.874
24282,247.252,82.145,97.372
24285,247.226,83.051,97.477
24313,247.457,83.579,97.722
24342,247.833,85.137,98.328
24371,247.937,85.92,98.413
24413,248.125,86.48,98.489
24445,247.872,85.148,97.943
24482,247.576,83.389,97.512
24515,247.449,82.619,97.153
24546,247.355,82.155,96.813
24587,247.25,81.672,96.599
24612,246.995,80.576,96.132
24643,246.466,78.456,95.457
24669,245.953,76.09,94.597
24715,245.459,73.938,93.728
24745,245.104,72.478,93.13
24781,244.435,70.5,92.227
24813,243.582,67.372,91.186
24849,242.741,63.96,90.189
24877,242.286,61.533,89.635
24914,241.865,59.556,89.032
24945,241.607,58.104,88.747
24980,241.234,56.801,88.201
25008,241.218,56.211,87.982
25047,241.046,55.738,87.756
25081,240.875,55.193,87.437
25118,240.759,54.754,87.264
25152,240.758,54.543,87.222
25181,240.646,54.241,87.051
25213,240.577,53.993,86.909
25245,240.639,53.989,86.943
25288,240.555,53.895,86.911
25321,240.519,53.8,86.886
25331,240.62,54.042,86.888
25388,240.646,54.207,86.885
25432,240.662,54.157,86.793
25460,240.648,54.183,86.761
25498,240.7,54.232,86.629
25524,240.843,54.58,86.832
25531,241.068,55.212,86.977
25594,241.224,55.77,87.166
25604,241.169,55.816,87.212
25636,240.421,54.463,86.573
25695,239.325,51.754,85.516
25730,238.6,49.306,84.758
25757,238.205,47.619,84.356
25765,237.981,46.625,84.05
25825,237.95,46.162,83.822
25831,237.752,45.721,83.601
25899,237.925,45.81,83.486
25902,238.238,46.392,83.819
25962,238.803,47.347,84.254
25966,239.758,49.495,85.33
26037,240.584,51.749,86.31
26071,241.225,53.58,87.072
26075,241.669,55.222,87.785
26117,241.891,56.283,88.104
26149,241.85,56.473,87.967
26184,241.825,56.53,87.85
26218,241.841,56.819,87.808
26252,241.894,57.13,87.834
26284,241.963,57.431,87.875
26314,242.053,57.757,87.992
26346,242.116,58.241,88.009
26380,242.201,58.604,88.132
26407,242.248,58.773,88.144
26436,241.965,58.408,87.894
26495,241.172,56.579,86.969
26531,240.262,53.927,86.093
26558,239.765,51.92,85.743
26599,240.002,51.748,85.847
26625,240.648,52.796,86.504
26668,241.105,53.903,87.055
26697,241.533,55.08,87.574
26698,241.565,55.59,87.66
26762,241.636,55.797,87.583
26803,241.676,56.027,87.657
26836,241.284,55.242,87.153
26905,242.332,57.658,88.322
26910,242.931,59.345,89.078
26953,243.331,60.739,89.63
26981,243.592,61.849,90.071
27018,244.072,63.583,90.563
27048,244.541,65.317,91.222
27087,244.562,65.887,91.414
27122,244.419,65.764,91.219
27155,244.182,65.247,90.965
27187,244.207,65.2,90.859
27222,244.181,65.46,90.896
27255,243.611,63.946,90.269
27297,242.876,61.663,89.51
27325,242.815,60.537,89.439
27329,242.869,60.201,89.693
27395,242.504,59.123,89.351
27401,241.835,57.051,88.225
27470,241.58,56.025,87.648
27473,241.744,56.224,87.773
27532,241.817,56.45,87.864
27533,241.735,56.276,87.723
27599,241.565,55.954,87.546
27668,240.847,54.339,86.572
27680,240.499,53.44,86.041
27720,240.345,52.932,85.711
27751,240.303,52.884,85.777
27789,240.218,52.785,85.643
27824,240.089,52.442,85.481
27857,239.946,52.219,85.257
27892,239.748,51.817,85.114
27925,239.594,51.545,84.963
27955,239.41,51.307,84.519
27987,239.357,51.141,84.321
28018,239.259,51.031,84.172
28052,238.246,49.193,83.409
28083,237.23,46.347,82.407
28121,236.432,43.848,81.526
28151,235.882,42.224,81.04
28191,235.593,41.277,80.63
28219,235.748,41.103,80.682
28258,235.881,41.266,80.767
28287,236.309,42.02,81.242
28323,236.33,42.299,81.318
28355,236.07,41.884,80.947
28389,235.385,40.617,80.333
28421,234.562,39.246,79.587
28458,234.189,38.42,79.173
28487,233.763,37.723,78.873
28523,233.572,37.344,78.635
28556,233.478,37.162,78.46
28590,233.357,37.021,78.31
28621,233.157,36.802,78.047
28655,233.081,36.716,78.006
28683,233.055,36.645,77.908
28727,232.959,36.528,77.897
28752,232.854,36.474,77.618
28787,232.848,36.454,77.598
28815,232.648,36.305,77.483
28854,231.983,35.471,77.048
28884,230.901,33.653,76.067
28921,230.074,31.883,75.349
28948,229.665,30.993,75.172
28996,229.631,30.805,75.07
29020,229.838,30.958,75.188
29025,230.045,31.259,75.371
29081,230.371,31.687,75.568
29123,230.519,32.055,75.698
29151,230.419,32.088,75.698
29158,230.463,32.142,75.697
29226,230.566,32.302,75.723
29231,230.684,32.472,75.846
29288,230.904,32.785,75.885
29313,231.105,33.132,76.105
29359,231.249,33.373,76.409
29387,231.437,33.71,76.59
29416,231.676,34.164,76.596
29454,231.64,34.264,76.548
29484,231.701,34.406,76.573
29522,231.909,34.738,76.685
29548,231.985,35.001,76.899
29593,232.179,35.358,77.093
29622,232.016,35.218,77.066
29656,231.233,33.944,76.464
29686,230.492,32.454,75.803
29701,230.204,31.61,75.516
29758,230.2,31.388,75.737
29763,230.432,31.67,75.917
29814,230.7,32.055,76.124
29857,231.018,32.529,76.373
29885,231.455,33.225,76.771
29892,231.389,33.365,76.701
29952,231.172,33.267,76.411
29959,231.13,33.16,76.308
30016,231.122,33.14,76.448
30056,231.21,33.287,76.515
30089,231.47,33.634,76.602
30095,231.603,33.961,76.696
30149,231.717,34.216,76.832
30195,231.874,34.529,76.985
30223,232.037,34.942,76.973
30227,232.211,35.319,77.12
30286,232.323,35.536,77.247
30325,232.451,35.821,77.382
30352,232.566,36.085,77.41
30395,232.659,36.338,77.495
30423,232.187,35.816,77.122
30485,230.412,32.592,75.854
30526,230.233,31.916,75.653
30558,230.238,31.796,75.663
30569,230.287,31.906,75.675
30602,230.315,32.006,75.65
30642,230.449,32.238,75.766
30670,230.523,32.4,75.784
30712,230.609,32.621,75.824
30753,230.487,32.6,75.722
30782,230.329,32.398,75.66
30813,230.418,32.438,75.605
30843,230.374,32.406,75.557
30871,230.199,32.293,75.546
30912,230.231,32.386,75.543
30941,230.349,32.627,75.536
30977,230.379,32.791,75.518
31013,230.415,32.854,75.452
31048,230.524,33.055,75.572
31093,230.509,33.241,75.67
31095,230.595,33.385,75.694
31156,230.686,33.534,75.773
31160,230.746,33.688,75.817
31223,230.63,33.721,75.609
31226,229.912,32.771,75.158
31291,228.873,31.11,74.405
31292,228.383,30.017,73.93
31358,228.36,29.634,73.981
31363,228.523,29.832,74.101
31423,228.645,29.932,74.074
31426,228.861,30.302,74.236
31490,228.945,30.558,74.403
31557,229.044,30.942,74.507
31562,229.055,30.916,74.548
31628,229.228,31.03,74.762
31691,229.655,31.657,75.025
31757,229.959,32.237,75.205
31768,230.174,32.548,75.39
31849,230.335,32.809,75.382
31896,230.712,33.425,75.841
31909,230.893,33.749,75.947
31960,231.046,34.071,76.042
31999,230.769,33.949,75.88
32011,230.097,32.833,75.278
32059,229.381,31.366,74.69
32094,228.964,30.471,74.567
32103,229.061,30.446,74.654
32177,229.357,30.696,74.746
32209,229.825,31.542,75.064
32249,230.0,31.891,75.233
32278,229.945,31.959,75.321
32320,229.908,31.917,75.296
32348,229.928,31.96,75.267
32381,230.005,32.051,75.317
32416,230.096,32.189,75.366
32451,230.319,32.537,75.556
32489,230.499,32.911,75.784
32523,230.709,33.298,75.962
32549,231.013,33.79,76.015
32588,231.113,34.059,76.167
32619,231.316,34.364,76.274
32656,231.42,34.638,76.369
32661,231.577,34.994,76.486
32689,231.634,35.218,76.55
32731,231.335,34.931,76.248
32763,230.434,33.545,75.612
32802,229.272,31.439,74.789
32836,228.849,30.303,74.438
32884,228.673,29.902,74.405
32917,228.86,30.053,74.471
32950,229.312,30.548,74.694
32982,229.457,30.834,74.739
33015,229.518,31.07,74.882
33049,229.701,31.394,75.004
33089,229.761,31.552,74.99
33121,229.759,31.485,75.146
33181,229.889,31.663,75.222
33186,229.894,31.836,75.332
33247,230.065,32.118,75.467
33284,230.483,32.674,75.554
33312,230.643,33.004,75.733
33353,230.729,33.316,75.82
33383,230.899,33.62,75.935
33414,231.008,33.793,76.178
33454,231.123,34.068,76.263
33479,231.311,34.423,76.252
33486,231.253,34.504,76.151
33545,230.641,33.755,75.767
33590,229.495,31.856,74.929
33618,228.551,30.101,74.181
33653,228.346,29.443,73.945
33682,228.412,29.331,73.955
33708,228.616,29.6,74.138
33755,228.745,29.91,74.09
33786,228.89,30.191,74.185
33819,229.004,30.365,74.554
33854,229.088,30.594,74.589
33885,229.074,30.631,74.55
33887,229.052,30.607,74.51
33946,229.103,30.657,74.479
33991,229.213,30.833,74.51
34022,229.418,31.217,74.673
34081,229.571,31.586,74.904
34120,229.691,31.828,75.026
34148,229.89,32.184,75.006
34199,230.019,32.432,75.046
34228,229.981,32.499,75.234
34232,230.038,32.608,75.285
34270,230.262,32.922,75.22
34302,230.319,33.114,75.371
34335,229.758,32.514,75.028
34362,228.821,30.953,74.302
34403,227.843,29.199,73.717
34436,227.778,28.779,73.594
34474,228.136,29.08,73.694
34504,228.374,29.439,73.952
34538,228.722,29.881,74.203
34571,228.92,30.28,74.33
34615,229.056,30.543,74.43
34644,229.048,30.611,74.453
34654,228.967,30.53,74.487
34716,228.988,30.522,74.527
34722,229.155,30.714,74.589
34783,229.288,30.957,74.684
34787,229.347,31.125,74.789
34851,229.459,31.313,74.913
34864,229.873,31.883,75.016
34906,229.992,32.165,75.112
34942,230.261,32.537,75.282
34973,230.396,32.824,75.388
35007,230.171,32.694,75.393
35041,230.365,32.955,75.537
35074,230.513,33.304,75.609
35107,229.864,32.532,75.164
35144,228.904,30.857,74.494
35151,228.314,29.583,73.92
35251,228.441,29.311,74.165
35254,228.61,29.613,74.187
35316,228.843,29.978,74.363
35320,229.165,30.52,74.524
35380,229.262,30.782,74.629
35386,229.358,30.895,74.743
35446,229.317,30.865,74.74
35452,229.216,30.907,74.624
35518,229.264,30.937,74.682
35524,229.437,31.093,74.855
35591,229.602,31.392,74.955
35619,229.591,31.521,75.006
35645,229.738,31.783,75.061
35687,230.064,32.157,75.247
35715,230.172,32.431,75.429
35719,230.291,32.766,75.516
35789,230.415,32.994,75.62
35794,230.794,33.495,75.72
35845,230.878,33.694,75.791
35887,230.721,33.593,75.77
35941,229.855,32.397,75.147
35953,228.625,30.428,74.251
35989,228.251,29.399,73.862
36033,228.205,29.094,73.958
36046,228.401,29.318,74.088
36083,228.882,29.897,74.19
36092,229.07,30.241,74.364
36138,229.298,30.595,74.68
36181,229.476,30.959,74.842
36214,229.325,30.915,74.672
36222,229.303,30.847,74.686
36284,229.289,30.839,74.853
36350,229.52,31.221,74.903
36351,229.624,31.417,75.002
36420,229.728,31.67,75.043
36423,229.851,31.925,75.186
36485,229.99,32.157,75.147
36489,230.113,32.412,75.198
36555,230.191,32.579,75.366
36558,230.283,32.784,75.45
36622,230.468,33.045,75.522
36625,230.577,33.278,75.625
36682,230.346,33.242,75.51
36685,229.765,32.571,75.106
36753,228.919,31.078,74.359
36757,228.199,29.604,73.717
36821,227.782,28.786,73.534
36831,227.955,28.919,73.597
36893,228.396,29.38,73.863
36896,228.521,29.63,73.969
36958,228.711,30.17,74.15
37023,228.793,30.256,74.19
37107,228.519,30.014,74.079
37155,228.861,30.4,74.22
37195,228.907,30.562,74.277
37198,228.722,30.43,74.272
37282,228.864,30.637,74.289
37289,229.233,31.224,74.506
37378,229.526,31.721,74.796
37382,229.476,31.826,74.744
37447,229.621,32.008,74.907
37516,229.628,32.21,74.858
37584,228.881,31.154,74.347
37617,227.408,28.393,73.285
37621,227.563,28.413,73.391
37662,228.047,29.021,73.491
37692,228.317,29.449,73.772
37733,228.67,29.927,74.018
37768,228.905,30.387,74.197
37817,228.851,30.394,74.277
37848,228.811,30.377,74.226
37849,228.73,30.29,74.205
37916,228.788,30.317,74.299
37952,229.023,30.597,74.327
37954,229.23,30.903,74.539
38014,229.471,31.329,74.715
38045,229.595,31.62,74.793
38079,229.676,31.806,74.97
38114,229.814,32.077,75.049
38144,229.983,32.307,75.18
38151,230.112,32.567,75.246
38213,230.133,32.758,75.311
38217,230.302,33.042,75.427
38277,230.547,33.358,75.649
38281,230.475,33.465,75.672
38338,229.504,32.352,74.767
38380,228.34,30.264,73.933
38419,227.651,28.832,73.416
38421,227.51,28.396,73.251
38479,227.671,28.422,73.393
38482,227.853,28.655,73.519
38546,228.136,28.997,73.656
38552,228.336,29.368,73.831
38614,228.307,29.513,73.782
38641,228.356,29.623,73.798
38676,228.386,29.575,73.85
38701,228.416,29.604,73.913
38731,228.403,29.72,73.902
38763,228.552,29.94,73.991
38795,228.652,30.103,74.161
38829,228.833,30.413,74.285
38859,229.136,30.859,74.455
38894,229.258,31.13,74.615
38923,229.302,31.314,74.702
38971,229.38,31.498,74.786
39007,229.55,31.737,74.875
39039,229.588,31.847,74.927
39081,229.465,31.868,74.925
39111,229.598,32.117,74.962
39116,229.478,32.028,74.784
39180,228.508,30.557,74.112
39184,227.618,28.984,73.451
39242,227.292,28.23,73.15
39246,227.446,28.239,73.198
39316,227.625,28.499,73.337
39382,228.144,29.15,73.711
39445,228.33,29.646,73.805
39458,228.127,29.516,73.7
39513,228.14,29.474,73.724
39514,228.229,29.575,73.802
39581,228.277,29.672,73.847
39585,228.552,29.978,74.004
39639,228.712,30.265,74.135
39682,228.758,30.433,74.256
39711,228.904,30.704,74.362
39715,229.162,31.106,74.558
39778,229.259,31.349,74.567
39782,229.287,31.454,74.603
39841,229.408,31.67,74.708
39882,229.494,31.772,74.848
39910,229.668,32.056,74.997
39914,229.872,32.438,75.134
39978,229.215,31.653,74.766
39994,228.118,29.914,73.925
40060,227.677,28.879,73.543
40064,227.912,28.867,73.647
40105,228.122,29.161,73.793
40136,228.272,29.398,73.839
40166,228.486,29.762,74.03
40201,228.772,30.171,74.291
40229,228.873,30.427,74.384
40271,228.769,30.412,74.377
40305,228.782,30.409,74.379
40364,229.088,30.678,74.493
40367,229.242,30.893,74.59
40407,229.38,31.208,74.778
40439,229.625,31.58,74.965
40464,229.852,31.933,75.086
40504,229.957,32.168,75.23
40538,230.293,32.709,75.348
40575,230.417,33.009,75.47
40602,230.505,33.227,75.658
40635,230.592,33.385,75.73
40666,230.664,33.532,75.732
40705,230.801,33.76,75.9
40742,230.851,33.973,75.99
40746,230.625,33.788,75.871
40820,229.624,32.263,75.112
40824,228.616,30.343,74.302
40882,228.03,29.145,73.942
40885,228.11,29.008,73.946
40948,228.278,29.186,73.782
41015,228.63,29.696,74.165
41023,228.845,30.043,74.368
41079,229.122,30.413,74.562
41115,229.14,30.548,74.529
41124,228.906,30.31,74.537
41178,228.959,30.341,74.547
41222,229.112,30.524,74.63
41231,229.296,30.801,74.817
41271,229.529,31.314,74.96
41308,229.714,31.62,75.093
41351,229.881,31.881,75.144
41358,229.986,32.138,75.27
41400,230.226,32.536,75.332
41440,230.271,32.662,75.41
41474,230.114,32.568,75.489
41507,230.224,32.738,75.516
41550,230.537,33.196,75.67
41556,230.568,33.365,75.699
41588,230.225,33.09,75.516
41618,229.267,31.629,74.845
41652,228.361,29.925,74.048
41683,228.018,29.047,73.713
41723,228.06,28.886,73.8
41748,228.23,29.073,73.916
41785,228.398,29.352,73.949
41810,228.511,29.545,74.079
41855,228.586,29.778,74.094
41883,228.771,30.079,74.28
41925,228.925,30.307,74.31
41956,228.867,30.257,74.322
41992,228.869,30.248,74.382
42022,228.96,30.361,74.411
42059,229.094,30.633,74.462
42093,229.219,30.899,74.554
42143,229.437,31.154,74.663
42175,229.479,31.303,74.734
42178,229.437,31.493,74.667
42216,229.495,31.614,74.784
42258,229.456,31.621,74.795
42295,229.522,31.784,74.832
42329,229.684,32.026,74.883
42362,229.73,32.155,74.963
42392,229.85,32.338,75.019
42424,229.954,32.532,75.074
42485,229.38,32.02,74.727
42489,228.321,30.321,74.025
42524,227.439,28.726,73.341
42563,227.205,28.116,73.117
42595,227.516,28.247,73.173
42628,227.706,28.506,73.357
42655,227.84,28.813,73.418
42680,227.986,29.061,73.461
42727,228.005,29.17,73.522
42760,227.96,29.18,73.385
42792,227.946,29.053,73.433
42822,227.978,28.997,73.485
42859,227.932,29.058,73.457
42886,228.101,29.247,73.562
42925,228.307,29.551,73.765
42953,228.453,29.774,73.856
42993,228.573,30.048,73.945
43024,228.729,30.325,74.059
43062,228.882,30.507,74.269
43093,228.962,30.661,74.309
43131,229.063,30.835,74.348
43158,229.05,30.86,74.32
43194,228.888,30.788,74.356
43227,228.917,30.811,74.33
43257,228.695,30.498,74.161
43288,227.769,29.162,73.465
43326,226.966,27.813,72.835
43358,226.882,27.365,72.66
43393,226.997,27.529,72.886
43420,227.178,27.812,73.047
43463,227.29,27.919,73.064
43492,227.553,28.254,73.301
43527,227.889,28.723,73.528
43562,227.857,28.764,73.559
43591,227.842,28.793,73.497
43620,227.924,28.844,73.564
43659,227.863,28.828,73.469
43689,228.045,29.118,73.56
43727,228.161,29.301,73.748
43758,228.346,29.608,73.874
43799,228.58,29.915,74.093
43829,228.716,30.177,74.182
43861,228.859,30.49,74.3
43893,229.038,30.799,74.45
43924,229.409,31.296,74.634
43962,229.544,31.561,74.74
43993,229.662,31.797,74.853
44033,229.802,32.039,74.938
44070,229.861,32.192,75.118
44101,229.346,31.655,74.822
44151,228.25,29.893,73.969
44180,227.477,28.396,73.337
44189,227.188,27.857,72.96
44233,227.309,27.893,72.96
44264,227.581,28.157,73.216
44292,227.628,28.274,73.243
44321,227.652,28.339,73.35
44346,227.893,28.68,73.519
44402,228.023,28.975,73.544
44405,228.0,29.007,73.574
44470,227.975,28.989,73.604
44474,228.071,29.081,73.728
44542,228.269,29.313,73.756
44545,228.455,29.613,73.895
44604,228.663,29.903,74.121
44610,228.839,30.205,74.257
44673,228.863,30.357,74.341
44676,228.967,30.556,74.369
44744,229.212,31.024,74.494
44748,229.309,31.2,74.619
44823,229.373,31.322,74.669
44828,229.408,31.443,74.677
44875,229.497,31.58,74.668
44911,229.617,31.816,74.718
44914,229.694,32.0,74.829
44979,229.354,31.686,74.523
44983,228.276,30.221,73.876
45043,227.345,28.563,73.051
45055,226.965,27.743,72.752
45101,227.016,27.671,72.777
45131,227.201,27.865,72.931
45166,227.238,27.968,72.962
45205,227.347,28.156,73.019
45230,227.549,28.469,73.222
45264,227.754,28.744,73.192
45299,227.684,28.707,73.176
45336,227.538,28.596,73.105
45367,227.538,28.606,73.131
45400,227.458,28.545,73.098
45438,227.665,28.789,73.297
45464,227.775,29.038,73.283
45499,227.991,29.338,73.481
45535,228.475,29.986,73.707
45574,228.586,30.224,73.864
45577,228.678,30.34,73.914
45641,228.874,30.618,74.08
45647,229.007,30.846,74.261
45715,229.193,31.167,74.465
45771,229.37,31.442,74.646
45775,229.46,31.708,74.639
45812,229.43,31.803,74.645
45844,228.869,31.051,74.302
45911,227.889,29.417,73.601
45952,227.24,28.004,72.987
45982,227.509,28.223,73.111
46017,227.725,28.561,73.297
46049,228.072,29.088,73.488
46083,228.362,29.53,73.806
46114,228.48,29.822,73.833
46154,228.475,29.839,73.873
46211,228.318,29.769,73.854
46246,228.434,29.845,73.969
46260,228.46,29.954,73.925
46313,228.663,30.244,74.067
46352,229.047,30.724,74.206
46362,229.198,31.034,74.365
46398,229.455,31.341,74.65
46442,229.571,31.597,74.747
46450,229.672,31.817,74.816
46524,229.922,32.374,74.961
46560,230.031,32.577,75.06
46599,230.018,32.67,75.119
46625,230.173,32.899,75.22
46674,230.287,33.149,75.328
46702,230.413,33.393,75.447
46706,230.614,33.783,75.495
46745,230.71,34.009,75.546
46784,230.226,33.515,75.24
46813,229.002,31.638,74.35
46850,227.94,29.645,73.544
46879,227.659,28.839,73.168
46919,227.743,28.712,73.286
46952,227.819,28.838,73.39
46996,227.7,28.78,73.345
47039,227.805,28.905,73.385
47101,228.136,29.535,73.554
47143,228.087,29.496,73.633
47151,228.008,29.408,73.535
47211,228.04,29.376,73.55
47256,228.127,29.498,73.59
47260,228.226,29.685,73.616
47306,228.39,29.932,73.703
47337,228.424,30.09,73.84
47366,228.516,30.286,73.923
47372,228.782,30.685,73.867
47431,228.865,30.83,74.023
47435,228.799,30.865,74.06
47501,228.874,31.002,74.098
47508,228.746,30.989,74.049
47567,228.807,31.095,74.083
47591,229.039,31.339,74.243
47635,229.121,31.498,74.332
47662,229.135,31.647,74.213
47703,228.298,30.604,73.596
47734,227.041,28.728,72.758
47803,226.838,27.638,72.485
47812,226.96,27.791,72.637
47849,227.088,27.989,72.774
47885,227.215,28.243,72.8
47913,227.175,28.256,72.916
47955,227.318,28.526,73.024
47984,227.429,28.678,72.957
48021,227.33,28.546,72.825
48057,227.161,28.356,72.752
48087,227.288,28.475,72.835
48124,227.73,29.035,73.021
48190,227.913,29.325,73.155
48200,227.92,29.378,73.327
48240,228.135,29.693,73.468
48269,228.219,29.873,73.544
48273,228.394,30.118,73.649
48338,228.558,30.427,73.769
48342,228.696,30.682,73.891
48399,228.862,30.889,74.031
48401,229.024,31.217,74.108
48465,229.148,31.447,74.182
48508,228.606,30.902,73.853
48536,227.525,29.22,73.249
48539,226.833,27.855,72.617
48603,226.961,27.675,72.59
48666,227.124,27.898,72.684
48727,227.46,28.454,73.032
48769,227.663,28.817,73.137
48797,227.944,29.195,73.241
48838,227.855,29.141,73.198
48866,227.731,29.019,73.106
48906,227.868,29.119,73.171
48939,227.904,29.24,73.322
48942,228.14,29.575,73.461
49007,228.527,30.088,73.675
49011,228.642,30.382,73.778
49081,228.871,30.708,73.928
49085,229.014,30.974,74.031
49123,228.943,31.0,74.141
49153,229.079,31.246,74.264
49192,229.215,31.516,74.294
49230,229.342,31.731,74.412
49264,229.529,32.012,74.652
49310,229.655,32.241,74.679
49341,229.567,32.304,74.628
49342,228.579,30.989,74.022
49411,227.377,28.984,73.121
49414,226.968,27.989,72.734
49448,226.996,27.839,72.709
49481,227.098,27.942,72.787
49515,227.255,28.172,72.842
49553,227.299,28.263,72.907
49591,227.44,28.479,72.953
49623,227.582,28.776,73.027
49656,227.818,29.036,73.195
49685,227.779,29.026,73.096
49724,227.561,28.865,72.971
49758,227.686,29.005,73.068
49792,227.952,29.357,73.274
49823,228.112,29.618,73.44
49859,227.916,29.504,73.343
49892,228.072,29.747,73.46
49928,228.343,30.106,73.528
49965,228.4,30.24,73.582
49994,228.498,30.329,73.78
50026,228.552,30.467,73.823
50058,228.491,30.608,73.708
50089,228.512,30.653,73.658
50127,228.484,30.656,73.644
50164,228.57,30.773,73.775
50195,228.281,30.65,73.581
50228,227.298,29.336,72.918
50235,226.42,27.723,72.164
50297,225.935,26.791,71.719
50298,225.998,26.729,71.76
50347,226.122,26.899,71.788
50396,226.198,26.978,71.949
50421,226.319,27.111,71.965
50456,226.472,27.321,72.206
50487,226.569,27.526,72.277
50530,226.596,27.617,72.231
50556,226.517,27.492,72.154
50593,226.574,27.5,72.234
50625,226.688,27.656,72.3
50657,226.601,27.648,72.447
50682,226.783,27.876,72.512
50725,227.12,28.231,72.59
50753,227.277,28.468,72.72
50794,227.434,28.782,72.814
50821,227.56,28.979,72.953
50863,227.491,29.027,73.043
50887,227.613,29.195,73.115
50932,227.766,29.412,73.017
50959,227.92,29.636,73.108
50998,227.999,29.86,73.172
51026,227.235,28.982,72.658
51061,226.245,27.448,71.967
51089,225.767,26.521,71.585
51098,225.872,26.346,71.909
51155,226.091,26.595,72.007
51199,226.486,27.167,72.155
51230,226.685,27.504,72.339
51231,226.81,27.625,72.573
51297,226.889,27.824,72.57
51301,226.913,27.956,72.465
51347,226.9,27.924,72.448
51378,226.862,27.869,72.443
51413,226.966,27.989,72.45
51442,227.118,28.18,72.7
51482,227.304,28.46,72.855
51516,227.78,29.05,73.007
51553,227.812,29.257,73.083
51581,227.647,29.163,73.014
51611,227.826,29.377,73.177
51640,227.927,29.519,73.206
51678,228.046,29.701,73.328
51710,228.166,29.938,73.39
51746,228.279,30.118,73.498
51780,228.224,30.246,73.478
51816,228.001,30.103,73.368
51848,227.029,28.736,72.741
51881,226.13,27.17,72.051
51912,225.937,26.567,71.768
51955,225.93,26.479,71.747
51985,226.003,26.564,71.947
52014,226.016,26.646,71.993
52046,226.299,26.874,71.999
52085,226.513,27.164,72.168
52117,226.576,27.37,72.265
52151,226.585,27.481,72.259
52182,226.376,27.381,72.194
52216,226.413,27.364,72.177
52249,226.561,27.506,72.237
52288,226.681,27.704,72.36
52326,226.886,27.945,72.449
52375,227.016,28.17,72.564
52383,227.107,28.42,72.663
52432,227.206,28.584,72.712
52489,227.43,28.909,72.776
52532,227.324,28.908,72.822
52545,227.465,29.124,72.893
52588,227.677,29.333,73.01
52625,227.713,29.483,73.008
52674,227.306,29.184,72.721
52682,226.259,27.75,71.914
52714,225.313,26.331,71.313
52746,225.202,25.888,71.15
52781,225.503,26.036,71.387
52811,225.64,26.242,71.479
52847,225.812,26.476,71.553
52874,225.99,26.731,71.637
52913,226.216,27.057,71.807
52942,226.299,27.207,71.939
52980,226.226,27.177,71.829
53007,226.244,27.154,71.812
53051,226.41,27.261,71.924
53078,226.529,27.398,72.073
53109,226.649,27.708,72.232
53150,226.844,27.974,72.384
53180,227.014,28.25,72.471
53216,227.203,28.535,72.606
53243,227.273,28.638,72.73
53280,227.45,28.954,72.859
53315,227.715,29.333,73.02
53356,227.88,29.616,73.118
53391,227.882,29.676,73.193
53445,228.045,29.936,73.267
53478,227.881,29.693,73.281
53483,226.903,28.347,72.554
53525,226.261,27.18,71.926
53559,226.114,26.756,71.816
53563,226.031,26.641,71.976
53622,226.186,26.82,72.087
53670,226.618,27.307,72.163
53699,226.819,27.615,72.382
53703,226.889,27.788,72.519
53759,226.956,27.946,72.567
53760,226.955,28.005,72.485
53828,226.916,27.983,72.462
53900,227.029,28.144,72.55
53962,227.566,28.817,72.993
54033,227.828,29.421,73.151
54097,228.067,29.818,73.34
54161,228.382,30.31,73.484
54164,228.404,30.431,73.575
54231,228.516,30.661,73.659
54235,228.618,30.792,73.682
54303,228.724,30.993,73.78
54333,228.012,30.392,73.403
54342,226.831,28.688,72.449
54401,225.971,27.198,71.766
54406,225.843,26.704,71.614
54462,226.209,26.925,71.911
54466,226.243,27.01,71.929
54544,226.246,27.079,71.909
54547,226.345,27.239,71.914
54589,226.565,27.513,72.126
54619,226.682,27.73,72.245
54648,226.507,27.679,72.11
54686,226.475,27.627,72.076
54719,226.5,27.682,72.225
54754,226.676,27.875,72.328
54785,226.953,28.088,72.452
54821,227.108,28.392,72.567
54860,227.268,28.717,72.656
54888,227.394,28.944,72.742
54920,227.359,29.096,72.712
54954,227.385,29.203,72.697
54985,227.387,29.165,72.705
55022,227.444,29.269,72.685
55061,227.594,29.425,72.827
55065,227.66,29.538,72.897
55097,227.698,29.759,72.791
55139,227.618,29.763,72.782
55170,226.726,28.781,72.365
55206,225.79,27.306,71.67
55240,225.368,26.453,71.115
55276,225.416,26.279,71.131
55309,225.735,26.57,71.532
55342,225.908,26.827,71.646
55382,226.039,26.972,71.662
55441,226.288,27.273,71.893
55475,226.368,27.525,71.986
55513,226.406,27.608,71.931
55551,226.471,27.629,71.959
55593,226.486,27.664,72.097
55623,226.666,27.927,72.237
55657,226.883,28.245,72.339
55686,227.06,28.543,72.476
55691,227.478,29.054,72.768
55754,227.681,29.388,72.954
55760,227.85,29.656,72.933
55819,227.934,29.868,72.977
55827,227.893,29.9,73.042
55883,227.802,29.832,72.943
55890,227.788,29.792,73.087
55950,227.727,29.809,72.989
55956,227.096,29.036,72.498
56018,226.105,27.574,71.753
56024,225.471,26.568,71.273
56087,225.386,26.258,71.154
56091,225.595,26.379,71.472
56151,225.783,26.614,71.608
56156,225.879,26.788,71.621
56223,226.12,27.123,71.757
56226,226.231,27.424,71.912
56279,226.259,27.537,71.971
56314,226.328,27.514,71.941
56341,226.254,27.429,71.913
56375,226.428,27.563,72.017
56413,226.593,27.767,72.164
56451,226.813,28.055,72.228
56482,226.982,28.328,72.387
56539,226.96,28.523,72.467
56543,227.118,28.808,72.537
56581,227.299,29.013,72.546
56606,227.43,29.236,72.646
56638,227.598,29.429,72.812
56663,227.773,29.657,72.909
56715,227.819,29.836,72.962
56722,227.893,30.026,73.026
56786,227.811,29.986,72.953
56792,227.084,29.154,72.507
56860,225.896,27.406,71.704
56864,225.47,26.436,71.343
56920,225.521,26.338,71.426
56925,225.621,26.482,71.497
56986,225.878,26.752,71.573
56990,226.001,26.957,71.625
57053,226.023,27.042,71.814
57058,226.228,27.346,71.927
57114,226.415,27.658,71.885
57145,226.383,27.653,71.86
57176,226.254,27.538,71.877
57204,226.354,27.622,71.965
57247,226.439,27.753,72.108
57280,226.564,27.947,72.125
57311,226.774,28.167,72.173
57339,226.845,28.397,72.189
57376,226.767,28.442,72.204
57406,226.905,28.598,72.384
57465,227.033,28.87,72.37
57498,227.081,28.994,72.41
57511,227.251,29.142,72.508
57569,227.367,29.315,72.606
57630,227.457,29.662,72.664
57681,226.536,28.657,72.113
57695,225.603,27.244,71.494
57736,225.429,26.477,71.31
57746,225.442,26.329,71.311
57782,225.804,26.753,71.632
57817,226.067,27.131,71.75
57861,226.285,27.42,71.813
57894,226.524,27.755,72.04
57897,226.514,27.889,72.112
57956,226.492,27.969,72.121
58028,226.555,27.968,72.11
58091,226.85,28.325,72.34
58161,227.17,28.903,72.605
58234,227.773,29.763,72.907
58264,227.934,29.954,73.074
58293,228.112,30.251,73.202
58294,228.207,30.393,73.283
58358,228.32,30.616,73.365
58359,228.391,30.776,73.452
58422,228.303,30.83,73.314
58431,227.465,29.882,72.854
58498,226.343,28.157,71.956
58535,225.616,26.879,71.459
58567,225.591,26.6,71.392
58572,226.086,26.871,71.787
58603,226.179,27.104,71.806
58636,226.217,27.245,71.826
58706,226.409,27.506,71.972
58711,226.624,27.859,72.133
58756,226.645,27.975,72.204
58787,226.498,27.945,72.109
58815,226.533,27.955,72.109
58846,226.806,28.191,72.202
58878,226.928,28.418,72.259
58916,227.07,28.573,72.514
58947,227.238,28.837,72.656
58980,227.405,29.151,72.788
59007,227.58,29.417,72.947
59051,227.666,29.672,72.86
59080,227.87,29.923,73.018
59118,227.864,30.074,72.945
59153,227.998,30.27,73.068
59156,228.138,30.451,73.297
59219,228.262,30.711,73.469
59222,228.507,31.028,73.495
59264,228.238,30.895,73.346
59295,227.051,29.432,72.529
59333,226.088,27.776,71.794
59364,225.948,27.153,71.547
59399,226.022,27.122,71.628
59428,226.172,27.29,71.957
59466,226.252,27.498,72.024
59499,226.31,27.65,71.995
59529,226.483,27.899,72.081
59557,226.797,28.285,72.216
59602,226.752,28.328,72.162
59637,226.445,28.028,71.967
59670,226.495,28.017,71.996
59700,226.637,28.164,72.167
59733,226.82,28.408,72.4
59761,227.067,28.774,72.522
59803,227.153,28.964,72.59
59834,227.036,28.945,72.451
59870,227.118,29.071,72.504
59900,227.146,29.193,72.535
59934,227.18,29.246,72.528
59960,227.318,29.463,72.597
60000,227.392,29.579,72.664
60026,227.406,29.625,72.645
60067,227.473,29.78,72.688
60100,227.002,29.282,72.417
60132,225.978,27.858,71.681
60162,225.303,26.668,71.134
60206,225.259,26.351,71.048
60233,225.738,26.762,71.365
60263,225.963,27.079,71.525
60302,226.195,27.367,71.79
60337,226.414,27.75,71.94
60368,226.442,27.883,72.062
60400,226.453,27.944,72.076
60435,226.475,27.94,72.031
60471,226.496,27.961,72.023
60510,226.583,27.987,72.142
60535,226.768,28.279,72.255
60566,227.058,28.668,72.413
60593,227.261,28.968,72.571
60635,227.247,29.158,72.523
60663,227.422,29.362,72.717
60708,227.836,29.783,72.886
60740,227.963,29.997,72.997
60773,227.98,30.131,73.038
60802,228.164,30.431,73.185
60840,228.15,30.551,73.309
60870,227.732,30.182,73.055
60904,226.681,28.671,72.214
60939,225.892,27.251,71.621
60970,225.607,26.645,71.5
61007,225.762,26.707,71.638
61042,226.203,27.095,71.859
61077,226.389,27.415,72.014
61122,226.557,27.774,72.079
61154,226.722,28.03,72.192
61187,226.806,28.225,72.257
61215,226.778,28.232,72.242
61218,226.809,28.191,72.265
61280,226.89,28.272,72.295
61322,226.984,28.522,72.241
61351,227.161,28.809,72.386
61355,227.419,29.151,72.687
61422,227.568,29.435,72.804
61423,227.645,29.595,72.822
61485,227.757,29.818,72.883
61496,227.974,30.069,73.071
61532,228.091,30.293,73.187
61569,228.104,30.479,73.15
61600,228.198,30.65,73.14
61639,228.21,30.695,73.206
61666,227.99,30.521,73.124
61704,227.048,29.329,72.484
61733,226.026,27.652,71.695
61772,225.519,26.724,71.295
61803,225.569,26.567,71.299
61839,225.943,27.001,71.405
61870,226.062,27.206,71.559
61906,225.945,27.176,71.584
61940,226.174,27.43,71.696
61974,226.533,27.85,71.852
62008,226.429,27.807,71.788
62041,225.968,27.364,71.744
62072,225.995,27.349,71.707
62107,226.173,27.563,71.774
62141,226.272,27.749,71.817
62175,226.53,27.956,72.006
62206,226.633,28.175,72.064
62243,226.835,28.46,72.187
62270,226.952,28.653,72.297
62303,226.901,28.72,72.228
62331,227.044,28.883,72.317
62370,227.14,29.006,72.44
62399,227.24,29.188,72.492
62442,227.389,29.432,72.507
62471,226.926,28.984,72.235
62508,225.887,27.561,71.606
62561,225.314,26.465,71.121
62595,225.329,26.239,71.052
62606,225.516,26.428,71.1
62648,225.642,26.535,71.395
62699,225.871,26.856,71.467
62711,226.279,27.388,71.698
62748,226.405,27.624,71.839
62758,226.137,27.496,71.762
62828,226.128,27.422,71.747
62872,226.38,27.629,71.942
62902,226.625,28.089,71.938
62935,226.825,28.372,72.107
62965,227.133,28.649,72.422
62995,227.301,28.935,72.465
63048,227.185,29.012,72.582
63077,227.366,29.238,72.635
63108,227.589,29.478,72.756
63138,227.742,29.738,72.869
63166,227.796,29.856,73.005
63194,227.919,30.08,73.129
63252,227.679,29.835,72.923
63295,225.703,26.947,71.525
63320,225.51,26.378,71.351
63358,225.796,26.568,71.454
63387,225.74,26.604,71.441
63423,225.628,26.569,71.213
63451,225.865,26.777,71.337
63498,226.109,27.066,71.708
63529,226.167,27.207,71.842
63560,226.052,27.236,71.649
63593,225.866,27.064,71.54
63623,225.662,26.855,71.455
63659,225.775,26.914,71.509
63692,226.166,27.317,71.685
63727,226.304,27.544,71.769
63758,226.262,27.625,71.921
63799,226.412,27.85,71.972
63830,226.595,28.045,72.022
63862,226.727,28.275,72.186
63897,226.836,28.559,72.162
63928,226.972,28.734,72.22
63956,227.074,28.784,72.547
63994,227.077,28.878,72.561
64021,227.231,29.063,72.482
64061,227.199,29.124,72.542
64093,226.681,28.532,72.027
64128,225.577,26.949,71.292
64157,225.0,25.861,70.848
64195,224.943,25.574,70.757
64222,224.84,25.54,70.83
64260,224.889,25.622,70.818
64286,225.159,25.845,70.856
64333,225.351,26.099,70.979
64364,225.304,26.197,71.177
64396,225.349,26.313,71.172
64431,225.427,26.387,71.125
64463,225.488,26.408,71.159
64500,225.417,26.389,71.199
64535,225.564,26.554,71.302
64567,225.868,26.976,71.428
64610,225.997,27.193,71.556
64639,226.114,27.362,71.646
64646,226.244,27.553,71.697
64706,226.361,27.819,71.733
64712,226.393,27.909,71.774
64775,226.287,27.873,71.825
64778,226.437,28.05,71.941
64847,226.584,28.227,72.008
64850,226.664,28.404,71.973
64906,226.689,28.47,72.026
64912,226.125,27.944,71.727
64975,224.998,26.477,70.866
64980,224.404,25.411,70.393
65038,224.391,25.188,70.311
65044,224.516,25.257,70.368
65109,224.735,25.372,70.703
65112,224.924,25.634,70.838
65178,225.044,25.796,70.943
65180,225.29,26.095,71.213
65243,225.401,26.282,71.269
65246,225.413,26.317,71.216
65303,225.571,26.559,71.27
65312,225.625,26.698,71.253
65380,225.814,26.786,71.476
65383,225.998,27.055,71.583
65439,226.294,27.471,71.757
65446,226.408,27.712,71.887
65508,226.509,27.923,72.023
65512,226.672,28.144,72.198
65579,226.614,28.092,72.165
65590,226.698,28.262,72.212
65628,227.027,28.684,72.274
65658,227.17,28.921,72.38
65686,227.342,29.097,72.514
65735,227.09,28.942,72.39
65770,226.068,27.756,71.721
65779,225.237,26.382,71.117
65845,224.95,25.686,70.935
65848,225.069,25.701,70.944
65918,225.491,26.135,71.294
65921,225.621,26.382,71.363
65977,225.703,26.56,71.432
65981,226.004,26.963,71.667
66039,226.407,27.449,71.85
66043,226.41,27.599,71.802
66110,226.142,27.387,71.803
66113,226.191,27.402,71.858
66183,226.507,27.566,72.066
66187,226.743,27.934,72.239
66252,226.768,28.237,72.257
66255,227.011,28.541,72.462
66317,227.255,28.871,72.57
66347,227.366,29.078,72.618
66351,227.371,29.172,72.672
66411,227.532,29.39,72.785
66421,227.757,29.646,72.828
66478,227.854,29.809,72.926
66489,227.741,29.837,72.836
66543,227.844,29.988,72.893
66609,227.827,30.163,73.031
66616,226.654,28.677,72.163
66698,225.612,26.984,71.362
66709,225.336,26.312,71.159
66743,225.339,26.18,71.09
66758,225.384,26.212,71.144
66806,225.424,26.308,71.223
66847,225.829,26.652,71.406
66858,226.008,26.927,71.52
66903,225.804,26.932,71.464
66942,225.836,27.041,71.517
66990,225.934,27.113,71.529
67025,225.951,27.113,71.504
67028,225.905,27.133,71.548
67069,226.038,27.331,71.619
67102,226.26,27.594,71.773
67133,226.398,27.848,71.918
67164,226.675,28.203,71.98
67202,226.791,28.436,72.061
67235,226.947,28.589,72.208
67273,227.007,28.794,72.26
67307,226.956,28.873,72.168
67333,227.066,29.001,72.247
67366,227.152,29.121,72.364
67397,227.235,29.266,72.421
67438,227.306,29.314,72.665
67465,227.14,29.289,72.589
67507,226.191,28.145,71.86
67537,225.26,26.651,71.099
67570,224.872,25.892,70.938
67610,224.91,25.81,70.936
67644,225.343,26.182,71.038
67683,225.558,26.479,71.171
67686,225.931,26.971,71.486
67748,226.084,27.214,71.692
67751,225.962,27.218,71.631
67787,225.917,27.185,71.575
67817,225.856,27.046,71.512
67853,225.96,27.164,71.569
67886,225.945,27.212,71.613
67949,226.102,27.384,71.695
67953,226.505,27.859,71.946
67989,226.661,28.164,72.111
68021,226.788,28.428,72.076
68053,226.943,28.654,72.214
68083,227.074,28.767,72.382
68121,227.23,29.012,72.452
68150,227.182,29.058,72.544
68190,227.297,29.214,72.568
68220,227.444,29.477,72.56
68251,227.264,29.396,72.46
68278,226.307,28.224,71.908
68323,225.346,26.706,71.153
68354,224.99,25.848,70.944
68390,225.051,25.743,70.984
68420,225.54,26.199,71.234
68462,225.656,26.401,71.396
68494,225.71,26.565,71.339
68538,225.911,26.902,71.48
68565,226.151,27.11,71.682
68608,226.217,27.251,71.806
68636,225.839,27.039,71.556
68643,225.958,27.077,71.626
68712,226.052,27.166,71.744
68719,226.213,27.409,71.914
68755,226.608,27.983,71.983
68784,226.807,28.314,72.122
68821,226.882,28.463,72.229
68852,227.07,28.693,72.382
68888,227.331,29.073,72.524
68919,227.425,29.301,72.591
68969,227.33,29.277,72.576
68998,227.457,29.475,72.588
69039,227.627,29.727,72.746
69069,227.782,30.022,72.879
69076,227.61,29.961,72.761
69139,226.771,29.035,72.19
69173,225.848,27.533,71.491
69200,225.232,26.396,70.975
69205,225.209,26.124,70.979
69265,225.379,26.243,71.149
69271,225.339,26.284,71.198
69333,225.474,26.467,71.263
69375,225.827,26.914,71.354
69402,225.905,27.119,71.463
69406,225.958,27.248,71.546
69467,225.861,27.203,71.391
69476,225.847,27.075,71.457
69539,225.915,27.154,71.47
69543,226.129,27.508,71.529
69597,226.293,27.712,71.704
69640,226.186,27.681,71.684
69668,226.324,27.892,71.797
69711,226.573,28.18,71.951
69747,226.678,28.369,72.031
69750,226.86,28.662,72.065
69795,226.921,28.792,72.111
69820,226.968,28.899,72.217
69856,227.12,29.109,72.316
69882,227.135,29.177,72.401
69923,226.682,28.742,72.113
69952,225.766,27.436,71.475
69999,225.142,26.266,70.911
70026,225.112,25.982,70.941
70063,225.389,26.215,71.098
70099,225.715,26.607,71.264
70126,225.947,26.921,71.501
70157,226.207,27.266,71.646
70184,226.335,27.556,71.769
70226,226.035,27.358,71.684
70259,225.982,27.202,71.653
70292,226.136,27.295,71.606
70326,226.201,27.359,71.619
70362,226.408,27.624,71.889
70390,226.607,27.928,72.03
70422,226.859,28.308,72.171
70459,227.018,28.549,72.286
70497,226.982,28.599,72.333
70543,227.167,28.887,72.495
70572,227.292,29.141,72.505
70576,227.476,29.383,72.613
70645,227.555,29.505,72.733
70705,227.921,30.119,73.028
70706,227.327,29.56,72.624
70778,226.227,28.021,71.768
70780,225.513,26.708,71.188
70840,225.304,26.147,71.116
70841,225.509,26.261,71.255
70910,225.908,26.669,71.514
70911,225.973,26.826,71.566
70982,226.329,27.457,71.794
71039,226.423,27.668,71.905
71042,226.395,27.684,71.96
71107,226.437,27.634,71.878
71110,226.48,27.678,71.9
71177,226.615,27.951,72.087
71181,226.751,28.198,72.177
71241,226.952,28.445,72.33
71245,227.107,28.694,72.482
71301,227.007,28.735,72.373
71305,227.227,29.014,72.493
71374,227.46,29.317,72.698
71381,227.63,29.555,72.807
71439,227.51,29.588,72.715
71442,227.618,29.78,72.801
71508,227.976,30.147,72.913
71569,226.09,27.921,71.742
71610,225.299,26.504,71.155
71641,225.246,26.137,70.987
71718,225.595,26.511,71.184
71721,225.707,26.713,71.276
71766,225.711,26.813,71.315
71811,225.891,27.047,71.465
71840,225.942,27.174,71.403
71904,225.81,26.955,71.295
71905,225.892,27.0,71.39
71982,225.967,27.207,71.452
71986,226.057,27.359,71.48
72034,225.944,27.278,71.562
72066,226.096,27.482,71.647
72103,226.423,27.866,71.678
72138,226.421,27.916,71.77
72167,226.458,27.924,71.847
72210,226.452,28.117,71.861
72247,226.651,28.326,72.01
72279,226.993,28.679,72.242
72317,226.688,28.468,72.106
72350,225.555,27.216,71.21
72383,224.806,25.966,70.63
72416,224.736,25.488,70.556
72452,224.897,25.565,70.627
72494,224.974,25.724,70.851
72536,225.271,26.113,71.015
72567,225.475,26.329,71.243
72572,225.646,26.621,71.454
72604,225.836,26.905,71.283
72653,225.782,26.833,71.287
72685,225.839,26.808,71.344
72720,225.957,26.914,71.429
72749,226.19,27.271,71.551
72782,226.383,27.566,71.745
72837,226.427,27.764,71.921
72874,226.621,28.056,72.03
72885,226.645,28.207,72.15
72937,226.77,28.384,72.212
72976,227.094,28.733,72.407
72988,227.228,28.969,72.453
73035,227.371,29.268,72.441
73081,227.494,29.485,72.55
73089,227.372,29.425,72.475
73139,226.472,28.33,71.893
73175,225.323,26.623,71.1
73182,224.963,25.828,70.756
73220,225.262,25.972,70.857
73255,225.499,26.243,71.094
73300,225.551,26.361,71.302
73336,225.734,26.591,71.404
73338,225.953,26.911,71.589
73401,226.15,27.228,71.727
73431,226.041,27.205,71.682
73474,226.018,27.2,71.601
73505,226.081,27.235,71.597
73509,226.172,27.358,71.687
73553,226.356,27.635,71.908
73586,226.49,27.855,71.962
73620,226.582,27.991,72.053
73653,226.646,28.124,72.084
73687,226.646,28.131,71.997
73722,226.69,28.165,71.994
73758,226.923,28.446,72.249
73794,226.983,28.568,72.264
73800,226.901,28.566,72.387
73868,226.967,28.727,72.387
73899,227.051,28.897,72.288
73935,226.109,27.807,71.606
73968,224.548,25.385,70.441
74033,224.683,25.356,70.505
74114,224.78,25.521,70.713
74168,225.161,25.925,70.899
74203,225.267,26.165,71.032
74206,225.41,26.347,70.984
74271,225.348,26.323,70.876
74274,225.328,26.276,70.999
74329,225.414,26.328,71.032
74333,225.444,26.497,71.027
74394,225.625,26.719,71.16
74399,225.685,26.884,71.256
74462,225.841,27.091,71.395
74471,225.995,27.343,71.451
74530,226.085,27.541,71.561
74533,226.148,27.669,71.583
74595,226.208,27.775,71.653
74601,226.218,27.841,71.657
74664,226.309,27.988,71.754
74668,226.366,28.152,71.653
74731,225.759,27.569,71.318
74734,224.921,26.258,70.689
74803,224.386,25.376,70.227
74831,224.248,24.984,70.271
74835,224.527,25.219,70.444
74909,224.776,25.563,70.666
74912,225.002,25.885,70.776
74965,225.353,26.296,71.017
75005,225.531,26.581,71.177
75012,225.567,26.617,71.224
75088,225.476,26.517,71.112
75092,225.503,26.584,71.1
75133,225.602,26.698,71.141
75166,225.656,26.814,71.257
75206,225.853,27.086,71.357
75239,226.222,27.468,71.674
75240,226.329,27.69,71.803
75306,226.372,27.867,71.853
75341,226.523,28.08,71.943
75370,226.661,28.311,71.949
75374,226.762,28.466,72.015
75433,226.843,28.642,72.109
75437,226.933,28.805,72.18
75502,226.243,28.159,71.796
75505,225.228,26.703,71.055
75565,224.637,25.635,70.625
75567,224.631,25.392,70.516
75634,224.93,25.623,70.84
75637,225.105,25.876,70.926
75701,225.648,26.591,71.255
75765,225.763,26.824,71.323
75769,225.787,26.928,71.317
75834,225.691,26.893,71.321
75838,225.717,26.899,71.295
75906,225.925,27.084,71.485
75912,226.101,27.329,71.581
75960,226.312,27.665,71.645
75993,226.461,27.941,71.79
76026,226.618,28.082,72.029
76061,226.753,28.3,72.17
76095,226.917,28.601,72.314
76125,227.083,28.879,72.362
76159,227.127,28.977,72.417
76191,227.288,29.179,72.587
76229,227.573,29.538,72.677
76264,227.698,29.796,72.745
76298,227.166,29.352,72.483
76302,226.009,27.785,71.691
76383,225.117,26.366,71.0
76389,224.881,25.774,70.697
76428,224.981,25.785,70.754
76468,225.124,25.934,70.777
76501,225.263,26.057,70.93
76504,225.391,26.221,71.061
76539,225.427,26.457,70.968
76567,225.51,26.577,71.117
76606,225.561,26.707,71.051
76636,225.391,26.517,70.941
76709,225.335,26.435,70.93
76771,225.385,26.54,71.146
76808,226.061,27.313,71.515
76837,226.187,27.558,71.655
76878,226.227,27.725,71.632
76909,226.357,27.916,71.717
76950,226.387,28.046,71.748
76978,226.498,28.196,71.825
77010,226.359,28.113,71.811
77041,226.483,28.266,71.968
77077,226.685,28.538,71.984
77109,226.298,28.205,71.756
77144,225.327,27.027,70.935
77176,224.449,25.662,70.267
77210,224.332,25.16,70.129
77242,224.488,25.224,70.148
77276,224.308,25.114,70.395
77302,224.532,25.364,70.57
77344,224.847,25.745,70.674
77369,224.984,25.989,70.775
77420,224.951,26.135,70.767
77451,224.935,26.137,70.8
77493,225.105,26.333,70.739
77521,225.241,26.403,70.843
77562,225.37,26.515,70.958
77590,225.604,26.819,71.154
77594,225.751,27.116,71.273
77659,225.917,27.418,71.379
77662,226.13,27.756,71.378
77723,226.126,27.764,71.392
77730,225.82,27.598,71.268
77787,225.917,27.59,71.332
77793,226.054,27.729,71.398
77862,226.075,27.862,71.458
77865,225.741,27.538,71.281
77925,224.804,26.402,70.693
77942,224.109,25.328,70.153
78004,223.947,24.911,69.97
78039,223.717,24.756,70.03
78049,223.921,24.92,70.145
78104,224.22,25.232,70.202
78142,224.428,25.498,70.357
78152,224.628,25.838,70.551
78197,224.694,25.923,70.587
78241,224.869,26.008,70.585
78249,224.838,25.986,70.577
78298,224.76,25.964,70.537
78358,225.15,26.504,70.786
78364,225.239,26.686,70.891
78432,225.314,26.764,70.868
78462,225.45,26.991,70.987
78469,225.661,27.243,71.147
78521,225.832,27.451,71.213
78562,225.985,27.596,71.465
78588,226.082,27.797,71.514
78631,226.108,27.929,71.508
78660,226.026,27.877,71.496
78663,225.151,26.93,70.946
78723,224.226,25.579,70.285
78726,223.866,24.817,69.809
78794,223.962,24.735,69.872
78797,224.13,24.893,70.245
78860,224.227,25.076,70.318
78863,224.262,25.123,70.295
78925,224.417,25.308,70.39
78928,224.93,25.821,70.62
78999,224.95,26.0,70.633
79013,224.855,25.891,70.621
79048,224.934,25.906,70.713
79072,225.021,26.094,70.693
79119,225.095,26.253,70.786
79149,225.4,26.635,70.963
79182,225.549,26.873,71.063
79211,225.372,26.853,71.067
79249,225.467,27.004,71.153
79282,225.71,27.272,71.176
79320,225.851,27.46,71.277
79352,225.969,27.659,71.407
79383,225.994,27.815,71.331
79414,226.122,27.934,71.393
79446,226.078,27.963,71.386
79495,225.211,27.187,70.857
79524,224.181,25.764,70.127
79567,223.591,24.845,69.68
79597,223.619,24.67,69.677
79601,223.641,24.604,69.868
79660,223.848,24.811,70.033
79664,223.959,25.054,69.972
79728,224.06,25.213,70.093
79732,224.054,25.169,70.147
79799,224.285,25.398,70.237
79866,224.29,25.394,70.278
79867,224.355,25.5,70.213
79931,224.719,25.888,70.501
79996,224.866,26.096,70.623
80003,225.045,26.426,70.721
80063,225.121,26.572,70.72
80132,225.359,26.933,70.949
80200,225.77,27.337,70.998
80202,225.849,27.513,71.202
80263,225.844,27.596,71.272
80266,225.075,26.751,70.76
80301,224.17,25.471,70.091
80331,223.713,24.647,69.847
80361,223.831,24.609,69.861
80403,224.004,24.787,70.064
80438,224.31,25.141,70.316
80504,224.592,25.523,70.462
80507,224.811,25.827,70.638
80562,225.029,26.146,70.746
80571,224.993,26.161,70.748
80605,224.993,26.165,70.575
80631,225.049,26.233,70.627
80666,225.243,26.276,70.901
80721,225.461,26.633,71.043
80744,225.622,27.028,71.052
80777,225.762,27.297,71.158
80806,226.019,27.582,71.34
80831,226.122,27.792,71.413
80857,226.116,27.838,71.496
80910,226.273,28.07,71.62
80951,226.493,28.351,71.775
80977,226.562,28.557,71.796
81020,226.347,28.472,71.741
81056,226.523,28.664,71.881
81063,226.334,28.551,71.679
81108,225.104,27.059,70.863
81139,224.405,25.818,70.17
81171,224.165,25.253,69.986
81201,224.218,25.226,70.072
81238,224.441,25.5,70.227
81269,224.541,25.602,70.554
81303,224.74,25.847,70.643
81339,224.974,26.128,70.747
81371,225.043,26.362,70.803
81407,225.311,26.643,70.801
81444,225.302,26.668,70.833
81478,225.164,26.648,70.748
81528,225.27,26.741,70.802
81558,225.454,26.947,70.921
81608,225.832,27.433,71.218
81641,225.935,27.623,71.31
81673,225.838,27.681,71.252
81701,225.936,27.81,71.348
81737,226.179,28.107,71.453
81767,226.238,28.259,71.521
81805,226.214,28.311,71.507
81835,226.382,28.553,71.653
81876,226.294,28.602,71.606
81909,225.391,27.617,71.035
81941,224.321,26.036,70.262
81973,223.894,25.131,69.863
82009,223.857,24.933,69.875
82039,224.103,25.122,70.083
82080,224.203,25.294,70.249
82112,224.328,25.502,70.316
82156,224.627,25.805,70.457
82184,224.727,25.937,70.525
82222,224.872,26.06,70.568
82251,224.825,25.997,70.593
82258,224.633,25.776,70.44
82320,224.748,25.83,70.449
82324,225.028,26.102,70.729
82386,225.19,26.36,70.914
82391,225.314,26.68,70.834
82461,225.409,26.788,70.896
82468,225.639,27.079,71.001
82514,225.755,27.257,71.105
82543,225.912,27.467,71.187
82576,225.88,27.517,71.149
82620,225.845,27.442,71.268
82625,225.803,27.403,71.228
82690,224.972,26.617,70.783
82692,224.104,25.39,70.21
82756,223.945,24.85,69.858
82760,223.939,24.679,69.8
82822,223.961,24.644,69.926
82825,224.286,25.026,70.099
82888,224.523,25.335,70.356
82891,224.861,25.758,70.612
82942,224.994,26.108,70.605
82980,224.98,26.12,70.649
83036,224.966,26.112,70.636
83072,224.977,26.116,70.661
83085,225.14,26.28,70.714
83142,225.352,26.571,70.854
83181,225.816,27.065,71.014
83190,225.869,27.259,71.141
83229,225.709,27.203,71.168
83241,225.818,27.355,71.235
83296,225.798,27.285,71.313
83328,226.004,27.521,71.466
83338,226.084,27.8,71.643
83383,226.241,27.992,71.701
83423,226.38,28.196,71.66
83465,226.072,27.939,71.49
83493,225.064,26.632,70.787
83522,224.145,25.246,70.046
83526,223.982,24.815,69.863
83591,224.094,24.799,69.86
83594,224.162,24.932,70.075
